INSERT INTO StartBiasFeatures (CivilizationType, FeatureType, Tier)
VALUES ('CIVILIZATION_SENREN_BANKA', 'FEATURE_GEOTHERMAL_FISSURE', 1);

INSERT INTO TraitModifiers (TraitType, ModifierId)
VALUES	('TRAIT_CIVILIZATION_SENREN_BANKA',	'TRAIT_SENREN_BANKA_COMMERCIAL_VOLCANIC_SOIL_ADJACENCY'	),
		('TRAIT_CIVILIZATION_SENREN_BANKA',	'TRAIT_SENREN_BANKA_HOLYSITE_VOLCANIC_SOIL_ADJACENCY'	),
		('TRAIT_CIVILIZATION_SENREN_BANKA',	'TRAIT_SENREN_BANKA_THEATER_VOLCANIC_SOIL_ADJACENCY'	),
		('TRAIT_CIVILIZATION_SENREN_BANKA',	'TRAIT_SENREN_BANKA_COMMERCIAL_GEOTHERMAL_ADJACENCY'	),
		('TRAIT_CIVILIZATION_SENREN_BANKA',	'TRAIT_SENREN_BANKA_HOLYSITE_GEOTHERMAL_ADJACENCY'		),
		('TRAIT_CIVILIZATION_SENREN_BANKA',	'TRAIT_SENREN_BANKA_THEATER_GEOTHERMAL_ADJACENCY'		);

INSERT INTO AiFavoredItems (ListType, Item, Favored)
VALUES	('MurasameWonders', 'BUILDING_GREAT_BATH', 1);

--------------------------------------------------------------
INSERT INTO Modifiers (ModifierId, ModifierType, SubjectRequirementSetId)
VALUES (
	'TRAIT_SENREN_BANKA_COMMERCIAL_VOLCANIC_SOIL_ADJACENCY',
	'MODIFIER_PLAYER_CITIES_FEATURE_ADJACENCY',
	'REQUIREMENTS_CITY_BLT_10_POPULATION'
),(
	'TRAIT_SENREN_BANKA_HOLYSITE_VOLCANIC_SOIL_ADJACENCY',
	'MODIFIER_PLAYER_CITIES_FEATURE_ADJACENCY',
	'REQUIREMENTS_CITY_BLT_10_POPULATION'
),(
	'TRAIT_SENREN_BANKA_THEATER_VOLCANIC_SOIL_ADJACENCY',
	'MODIFIER_PLAYER_CITIES_FEATURE_ADJACENCY',
	'REQUIREMENTS_CITY_BLT_10_POPULATION'
),(
	'TRAIT_SENREN_BANKA_COMMERCIAL_GEOTHERMAL_ADJACENCY',
	'MODIFIER_PLAYER_CITIES_FEATURE_ADJACENCY',
	'REQUIREMENTS_CITY_BLT_10_POPULATION'
),(
	'TRAIT_SENREN_BANKA_HOLYSITE_GEOTHERMAL_ADJACENCY',
	'MODIFIER_PLAYER_CITIES_FEATURE_ADJACENCY',
	'REQUIREMENTS_CITY_BLT_10_POPULATION'
),(
	'TRAIT_SENREN_BANKA_THEATER_GEOTHERMAL_ADJACENCY',
	'MODIFIER_PLAYER_CITIES_FEATURE_ADJACENCY',
	'REQUIREMENTS_CITY_BLT_10_POPULATION'
);

INSERT INTO ModifierArguments (ModifierId, Name, Value)
VALUES	('TRAIT_SENREN_BANKA_COMMERCIAL_VOLCANIC_SOIL_ADJACENCY',	'DistrictType',		'DISTRICT_COMMERCIAL_HUB'					),
		('TRAIT_SENREN_BANKA_COMMERCIAL_VOLCANIC_SOIL_ADJACENCY',	'FeatureType',		'FEATURE_VOLCANIC_SOIL'						),
		('TRAIT_SENREN_BANKA_COMMERCIAL_VOLCANIC_SOIL_ADJACENCY',	'YieldType',		'YIELD_GOLD'								),
		('TRAIT_SENREN_BANKA_COMMERCIAL_VOLCANIC_SOIL_ADJACENCY',	'Amount',			2											),
		('TRAIT_SENREN_BANKA_COMMERCIAL_VOLCANIC_SOIL_ADJACENCY',	'Description',		'LOC_SRBK_DISTRICT_VOLCANIC_SOIL_GOLD'		),
		('TRAIT_SENREN_BANKA_HOLYSITE_VOLCANIC_SOIL_ADJACENCY',		'DistrictType',		'DISTRICT_HOLY_SITE'						),
		('TRAIT_SENREN_BANKA_HOLYSITE_VOLCANIC_SOIL_ADJACENCY',		'FeatureType',		'FEATURE_VOLCANIC_SOIL'						),
		('TRAIT_SENREN_BANKA_HOLYSITE_VOLCANIC_SOIL_ADJACENCY',		'YieldType',		'YIELD_FAITH'								),
		('TRAIT_SENREN_BANKA_HOLYSITE_VOLCANIC_SOIL_ADJACENCY',		'Amount',			2											),
		('TRAIT_SENREN_BANKA_HOLYSITE_VOLCANIC_SOIL_ADJACENCY',		'Description',		'LOC_SRBK_DISTRICT_VOLCANIC_SOIL_FAITH'		),
		('TRAIT_SENREN_BANKA_THEATER_VOLCANIC_SOIL_ADJACENCY',		'DistrictType',		'DISTRICT_THEATER'							),
		('TRAIT_SENREN_BANKA_THEATER_VOLCANIC_SOIL_ADJACENCY',		'FeatureType',		'FEATURE_VOLCANIC_SOIL'						),
		('TRAIT_SENREN_BANKA_THEATER_VOLCANIC_SOIL_ADJACENCY',		'YieldType',		'YIELD_CULTURE'								),
		('TRAIT_SENREN_BANKA_THEATER_VOLCANIC_SOIL_ADJACENCY',		'Amount',			2											),
		('TRAIT_SENREN_BANKA_THEATER_VOLCANIC_SOIL_ADJACENCY',		'Description',		'LOC_SRBK_DISTRICT_VOLCANIC_SOIL_CULTURE'	),
		('TRAIT_SENREN_BANKA_COMMERCIAL_GEOTHERMAL_ADJACENCY',		'DistrictType',		'DISTRICT_COMMERCIAL_HUB'					),
		('TRAIT_SENREN_BANKA_COMMERCIAL_GEOTHERMAL_ADJACENCY',		'FeatureType',		'FEATURE_GEOTHERMAL_FISSURE'				),
		('TRAIT_SENREN_BANKA_COMMERCIAL_GEOTHERMAL_ADJACENCY',		'YieldType',		'YIELD_GOLD'								),
		('TRAIT_SENREN_BANKA_COMMERCIAL_GEOTHERMAL_ADJACENCY',		'Amount',			2											),
		('TRAIT_SENREN_BANKA_COMMERCIAL_GEOTHERMAL_ADJACENCY',		'Description',		'LOC_SRBK_DISTRICT_GEOTHERMAL_GOLD'			),
		('TRAIT_SENREN_BANKA_HOLYSITE_GEOTHERMAL_ADJACENCY',		'DistrictType',		'DISTRICT_HOLY_SITE'						),
		('TRAIT_SENREN_BANKA_HOLYSITE_GEOTHERMAL_ADJACENCY',		'FeatureType',		'FEATURE_GEOTHERMAL_FISSURE'				),
		('TRAIT_SENREN_BANKA_HOLYSITE_GEOTHERMAL_ADJACENCY',		'YieldType',		'YIELD_FAITH'								),
		('TRAIT_SENREN_BANKA_HOLYSITE_GEOTHERMAL_ADJACENCY',		'Amount',			2											),
		('TRAIT_SENREN_BANKA_HOLYSITE_GEOTHERMAL_ADJACENCY',		'Description',		'LOC_SRBK_DISTRICT_GEOTHERMAL_FAITH'		),
		('TRAIT_SENREN_BANKA_THEATER_GEOTHERMAL_ADJACENCY',			'DistrictType',		'DISTRICT_THEATER'							),
		('TRAIT_SENREN_BANKA_THEATER_GEOTHERMAL_ADJACENCY',			'FeatureType',		'FEATURE_GEOTHERMAL_FISSURE'				),
		('TRAIT_SENREN_BANKA_THEATER_GEOTHERMAL_ADJACENCY',			'YieldType',		'YIELD_CULTURE'								),
		('TRAIT_SENREN_BANKA_THEATER_GEOTHERMAL_ADJACENCY',			'Amount',			2											),
		('TRAIT_SENREN_BANKA_THEATER_GEOTHERMAL_ADJACENCY',			'Description',		'LOC_SRBK_DISTRICT_GEOTHERMAL_CULTURE'		);