INSERT INTO Types (Type, Kind)
VALUES	('LEADER_MURASAME',					'KIND_LEADER'	),
		('TRAIT_LEADER_GUARDIAN_OF_HOORI',	'KIND_TRAIT'	);

INSERT INTO Leaders (LeaderType, Name, Sex, InheritFrom, SceneLayers)
VALUES ('LEADER_MURASAME', 'LOC_LEADER_MURASAME_NAME', 'Female', 'LEADER_DEFAULT', 4);

INSERT INTO CivilizationLeaders (CivilizationType, LeaderType, CapitalName)
VALUES ('CIVILIZATION_SENREN_BANKA', 'LEADER_MURASAME', 'LOC_CITY_NAME_SENREN_BANKA_1');

INSERT INTO LoadingInfo (LeaderType, ForegroundImage, BackgroundImage, PlayDawnOfManAudio)
VALUES ('LEADER_MURASAME', NULL, 'BACKGROUND_MURASAME_LOADING', 1);

INSERT INTO DiplomacyInfo (Type, BackgroundImage)
VALUES ('LEADER_MURASAME', 'BACKGROUND_MURASAME_INGAME');

INSERT INTO LeaderQuotes (LeaderType, Quote, QuoteAudio)
VALUES ('LEADER_MURASAME', 'LOC_PEDIA_LEADERS_PAGE_MURASAME_QUOTE', 'SRBK_MS_WIKI_QUOTE');

--------------------------------------------------------------
INSERT INTO Traits (TraitType, Name, Description)
VALUES ('TRAIT_LEADER_GUARDIAN_OF_HOORI', 'LOC_TRAIT_LEADER_GUARDIAN_OF_HOORI_NAME', 'LOC_TRAIT_LEADER_GUARDIAN_OF_HOORI_DESCRIPTION');

INSERT INTO LeaderTraits (LeaderType, TraitType)
VALUES ('LEADER_MURASAME', 'TRAIT_LEADER_GUARDIAN_OF_HOORI');

INSERT INTO TraitModifiers (TraitType, ModifierId)
VALUES	('TRAIT_LEADER_GUARDIAN_OF_HOORI',	'MURASAME_FAITH_PURCHASE_RECON'			),
		('TRAIT_LEADER_GUARDIAN_OF_HOORI',	'MURASAME_FAITH_PURCHASE_MELEE'			),
		('TRAIT_LEADER_GUARDIAN_OF_HOORI',	'MURASAME_FAITH_PURCHASE_RANGED'		),
		('TRAIT_LEADER_GUARDIAN_OF_HOORI',	'MURASAME_FAITH_PURCHASE_SIEGE'			),
		('TRAIT_LEADER_GUARDIAN_OF_HOORI',	'MURASAME_FAITH_PURCHASE_LIGHT_CAVALRY'	),
		('TRAIT_LEADER_GUARDIAN_OF_HOORI',	'MURASAME_FAITH_PURCHASE_HEAVY_CAVALRY'	),
		('TRAIT_LEADER_GUARDIAN_OF_HOORI',	'MURASAME_FAITH_PURCHASE_ANTI_CAVALRY'	),
		('TRAIT_LEADER_GUARDIAN_OF_HOORI',	'MURASAME_PLOT_PURCHASE_COST_VANILLA'	);

INSERT INTO Modifiers (ModifierId, ModifierType)
VALUES	('MURASAME_FAITH_PURCHASE_RECON',			'MODIFIER_PLAYER_CITIES_ENABLE_UNIT_FAITH_PURCHASE'	),
		('MURASAME_FAITH_PURCHASE_MELEE',			'MODIFIER_PLAYER_CITIES_ENABLE_UNIT_FAITH_PURCHASE'	),
		('MURASAME_FAITH_PURCHASE_RANGED',			'MODIFIER_PLAYER_CITIES_ENABLE_UNIT_FAITH_PURCHASE'	),
		('MURASAME_FAITH_PURCHASE_SIEGE',			'MODIFIER_PLAYER_CITIES_ENABLE_UNIT_FAITH_PURCHASE'	),
		('MURASAME_FAITH_PURCHASE_LIGHT_CAVALRY',	'MODIFIER_PLAYER_CITIES_ENABLE_UNIT_FAITH_PURCHASE'	),
		('MURASAME_FAITH_PURCHASE_HEAVY_CAVALRY',	'MODIFIER_PLAYER_CITIES_ENABLE_UNIT_FAITH_PURCHASE'	),
		('MURASAME_FAITH_PURCHASE_ANTI_CAVALRY',	'MODIFIER_PLAYER_CITIES_ENABLE_UNIT_FAITH_PURCHASE'	),
		('MURASAME_PLOT_PURCHASE_COST_VANILLA',		'MODIFIER_PLAYER_CITIES_ADJUST_PLOT_PURCHASE_COST'	);

INSERT INTO ModifierArguments (ModifierId, Name, Value)
VALUES	('MURASAME_FAITH_PURCHASE_RECON',			'Tag',			'CLASS_RECON'			),
		('MURASAME_FAITH_PURCHASE_MELEE',			'Tag',			'CLASS_MELEE'			),
		('MURASAME_FAITH_PURCHASE_RANGED',			'Tag',			'CLASS_RANGED'			),
		('MURASAME_FAITH_PURCHASE_SIEGE',			'Tag',			'CLASS_SIEGE'			),
		('MURASAME_FAITH_PURCHASE_LIGHT_CAVALRY',	'Tag',			'CLASS_LIGHT_CAVALRY'	),
		('MURASAME_FAITH_PURCHASE_HEAVY_CAVALRY',	'Tag',			'CLASS_HEAVY_CAVALRY'	),
		('MURASAME_FAITH_PURCHASE_ANTI_CAVALRY',	'Tag',			'CLASS_ANTI_CAVALRY'	),
		('MURASAME_PLOT_PURCHASE_COST_VANILLA',		'Amount',		-30						);

INSERT INTO RequirementSets (RequirementSetId, RequirementSetType)
VALUES ('MURASAME_CITY_HAS_HOLY_SITE_REQUIREMENTS', 'REQUIREMENTSET_TEST_ALL');

INSERT INTO RequirementSetRequirements (RequirementSetId, RequirementId)
VALUES ('MURASAME_CITY_HAS_HOLY_SITE_REQUIREMENTS', 'REQUIRES_CITY_HAS_HOLY_SITE');

--------------------------------------------------------------
INSERT INTO AiListTypes (ListType)
VALUES	('MurasameCivics'),('MurasameTechs'),('MurasameWonders'),('MurasameYield'),('MurasamePseudoYield');

INSERT INTO AiLists (LeaderType, ListType, System)
VALUES	('TRAIT_LEADER_GUARDIAN_OF_HOORI',	'MurasameCivics',		'Civics'		),
		('TRAIT_LEADER_GUARDIAN_OF_HOORI',	'MurasameTechs',		'Technologies'	),
		('TRAIT_LEADER_GUARDIAN_OF_HOORI',	'MurasameWonders',		'Buildings'		),
		('TRAIT_LEADER_GUARDIAN_OF_HOORI',	'MurasameYield',		'Yields'		),
		('TRAIT_LEADER_GUARDIAN_OF_HOORI',	'MurasamePseudoYield',	'PseudoYields'	);

INSERT INTO AiFavoredItems (ListType, Item, Favored)
VALUES	('MurasameCivics',		'CIVIC_THEOLOGY',				1),
		('MurasameCivics',		'CIVIC_FEUDALISM',				1),
		('MurasameCivics',		'CIVIC_CONSERVATION',			1),
		('MurasameTechs',		'TECH_IRON_WORKING',			1),
		('MurasameTechs',		'TECH_ENGINEERING',				1),
		('MurasameTechs',		'TECH_FLIGHT',					1),
		('MurasameWonders',		'BUILDING_EIFFEL_TOWER',		1),
		('MurasameWonders',		'BUILDING_MAHABODHI_TEMPLE',	1),
		('MurasameWonders',		'BUILDING_ORACLE',				1),
		('MurasameWonders',		'BUILDING_HANGING_GARDENS',		0);

INSERT INTO AiFavoredItems (ListType, Item, Value)
VALUES	('MurasameYield',		'YIELD_FOOD',					-20	),
		('MurasamePseudoYield',	'PSEUDOYIELD_GREATWORK_RELIC',	50	),
		('MurasamePseudoYield',	'PSEUDOYIELD_TOURISM',			20	);

INSERT INTO Agendas (AgendaType, Name, Description)
VALUES ('AGENDA_FUTATSU_NO_KAGE', 'LOC_AGENDA_FUTATSU_NO_KAGE_NAME', 'LOC_AGENDA_FUTATSU_NO_KAGE_DESCRIPTION');

INSERT INTO HistoricalAgendas (LeaderType, AgendaType)
VALUES ('LEADER_MURASAME', 'AGENDA_FUTATSU_NO_KAGE');

INSERT INTO FavoredReligions (LeaderType, ReligionType)
VALUES ('LEADER_MURASAME', 'RELIGION_SHINTO');