INSERT INTO Types (Type, Kind)
VALUES	('CIVILIZATION_SENREN_BANKA',						'KIND_CIVILIZATION'	),
		('TRAIT_CIVILIZATION_SENREN_BANKA',					'KIND_TRAIT'		),
		('TRAIT_CIVILIZATION_DISTRICT_ONSEN_TOWN',			'KIND_TRAIT'		),
		('TRAIT_CIVILIZATION_IMPROVEMENT_KANMIDOKORO',		'KIND_TRAIT'		),
		('DISTRICT_ONSEN_TOWN',								'KIND_DISTRICT'		),
		('IMPROVEMENT_KANMIDOKORO',							'KIND_IMPROVEMENT'	),
		('MODIFIER_MURASAME_CITY_ADJUST_POLICY_AMENITY',	'KIND_MODIFIER'		);

INSERT INTO Civilizations(
	CivilizationType,
	Name,
	Description,
	Adjective,
	StartingCivilizationLevelType,
	Ethnicity,
	RandomCityNameDepth
) VALUES (
	'CIVILIZATION_SENREN_BANKA',
	'LOC_CIVILIZATION_SENREN_BANKA_NAME',
	'LOC_CIVILIZATION_SENREN_BANKA_DESCRIPTION',
	'LOC_CIVILIZATION_SENREN_BANKA_ADJECTIVE',
	'CIVILIZATION_LEVEL_FULL_CIV',
	'ETHNICITY_ASIAN',
	10
);

INSERT INTO CivilizationTraits (CivilizationType, TraitType)
VALUES	('CIVILIZATION_SENREN_BANKA',	'TRAIT_CIVILIZATION_SENREN_BANKA'			),
		('CIVILIZATION_SENREN_BANKA',	'TRAIT_CIVILIZATION_UNIT_JAPANESE_SAMURAI'	),
		('CIVILIZATION_SENREN_BANKA',	'TRAIT_CIVILIZATION_DISTRICT_ONSEN_TOWN'	),
		('CIVILIZATION_SENREN_BANKA',	'TRAIT_CIVILIZATION_IMPROVEMENT_KANMIDOKORO');

INSERT INTO Traits (TraitType, Name, Description)
VALUES (
	'TRAIT_CIVILIZATION_SENREN_BANKA',
	'LOC_TRAIT_CIVILIZATION_SENREN_BANKA_NAME',
	'LOC_TRAIT_CIVILIZATION_SENREN_BANKA_DESCRIPTION'
),(
	'TRAIT_CIVILIZATION_DISTRICT_ONSEN_TOWN',
	'LOC_TRAIT_CIVILIZATION_DISTRICT_ONSEN_TOWN_NAME',
	'LOC_TRAIT_CIVILIZATION_DISTRICT_ONSEN_TOWN_DESCRIPTION'
),(
	'TRAIT_CIVILIZATION_IMPROVEMENT_KANMIDOKORO',
	'LOC_TRAIT_CIVILIZATION_IMPROVEMENT_KANMIDOKORO_NAME',
	'LOC_TRAIT_CIVILIZATION_IMPROVEMENT_KANMIDOKORO_DESCRIPTION'
);

INSERT INTO TraitModifiers (TraitType, ModifierId)
VALUES	('TRAIT_CIVILIZATION_SENREN_BANKA',	'TRAIT_SENREN_BANKA_CITY_APPEAL_BONUS'				),
		('TRAIT_CIVILIZATION_SENREN_BANKA',	'TRAIT_SENREN_BANKA_CITY_AMENITIES_BONUS'			),
		('TRAIT_CIVILIZATION_SENREN_BANKA',	'TRAIT_SENREN_BANKA_CITY_CULTURE_BONUS'				),
		('TRAIT_CIVILIZATION_SENREN_BANKA',	'TRAIT_SENREN_BANKA_CITY_GROWTH_PENALTY'			),
		('TRAIT_CIVILIZATION_SENREN_BANKA',	'TRAIT_SENREN_BANKA_CAMPUS_MOUNTAIN_ADJACENCY_1'	),
		('TRAIT_CIVILIZATION_SENREN_BANKA',	'TRAIT_SENREN_BANKA_CAMPUS_MOUNTAIN_ADJACENCY_2'	),
		('TRAIT_CIVILIZATION_SENREN_BANKA',	'TRAIT_SENREN_BANKA_CAMPUS_MOUNTAIN_ADJACENCY_3'	),
		('TRAIT_CIVILIZATION_SENREN_BANKA',	'TRAIT_SENREN_BANKA_CAMPUS_MOUNTAIN_ADJACENCY_4'	),
		('TRAIT_CIVILIZATION_SENREN_BANKA',	'TRAIT_SENREN_BANKA_CAMPUS_MOUNTAIN_ADJACENCY_5'	),
		('TRAIT_CIVILIZATION_SENREN_BANKA',	'TRAIT_SENREN_BANKA_HOLYSITE_MOUNTAIN_ADJACENCY_1'	),
		('TRAIT_CIVILIZATION_SENREN_BANKA',	'TRAIT_SENREN_BANKA_HOLYSITE_MOUNTAIN_ADJACENCY_2'	),
		('TRAIT_CIVILIZATION_SENREN_BANKA',	'TRAIT_SENREN_BANKA_HOLYSITE_MOUNTAIN_ADJACENCY_3'	),
		('TRAIT_CIVILIZATION_SENREN_BANKA',	'TRAIT_SENREN_BANKA_HOLYSITE_MOUNTAIN_ADJACENCY_4'	),
		('TRAIT_CIVILIZATION_SENREN_BANKA',	'TRAIT_SENREN_BANKA_HOLYSITE_MOUNTAIN_ADJACENCY_5'	),
		('TRAIT_CIVILIZATION_SENREN_BANKA',	'TRAIT_SENREN_BANKA_THEATER_MOUNTAIN_ADJACENCY_1'	),
		('TRAIT_CIVILIZATION_SENREN_BANKA',	'TRAIT_SENREN_BANKA_THEATER_MOUNTAIN_ADJACENCY_2'	),
		('TRAIT_CIVILIZATION_SENREN_BANKA',	'TRAIT_SENREN_BANKA_THEATER_MOUNTAIN_ADJACENCY_3'	),
		('TRAIT_CIVILIZATION_SENREN_BANKA',	'TRAIT_SENREN_BANKA_THEATER_MOUNTAIN_ADJACENCY_4'	),
		('TRAIT_CIVILIZATION_SENREN_BANKA',	'TRAIT_SENREN_BANKA_THEATER_MOUNTAIN_ADJACENCY_5'	),
		('TRAIT_CIVILIZATION_SENREN_BANKA',	'TRAIT_SENREN_BANKA_CAMPUS_FOREST_ADJACENCY'		),
		('TRAIT_CIVILIZATION_SENREN_BANKA',	'TRAIT_SENREN_BANKA_HOLYSITE_FOREST_ADJACENCY'		),
		('TRAIT_CIVILIZATION_SENREN_BANKA',	'TRAIT_SENREN_BANKA_THEATER_FOREST_ADJACENCY'		),
		('TRAIT_CIVILIZATION_IMPROVEMENT_KANMIDOKORO',		'KANMIDOKORO_SCIENCE_ADJACENCY1'	),
		('TRAIT_CIVILIZATION_IMPROVEMENT_KANMIDOKORO',		'KANMIDOKORO_SCIENCE_ADJACENCY2'	),
		('TRAIT_CIVILIZATION_IMPROVEMENT_KANMIDOKORO',		'KANMIDOKORO_SCIENCE_ADJACENCY3'	),
		('TRAIT_CIVILIZATION_IMPROVEMENT_KANMIDOKORO',		'KANMIDOKORO_CULTURE_ADJACENCY1'	),
		('TRAIT_CIVILIZATION_IMPROVEMENT_KANMIDOKORO',		'KANMIDOKORO_CULTURE_ADJACENCY2'	),
		('TRAIT_CIVILIZATION_IMPROVEMENT_KANMIDOKORO',		'KANMIDOKORO_CULTURE_ADJACENCY3'	),
		('TRAIT_CIVILIZATION_IMPROVEMENT_KANMIDOKORO',		'KANMIDOKORO_FAITH_ADJACENCY1'		),
		('TRAIT_CIVILIZATION_IMPROVEMENT_KANMIDOKORO',		'KANMIDOKORO_FAITH_ADJACENCY2'		),
		('TRAIT_CIVILIZATION_IMPROVEMENT_KANMIDOKORO',		'KANMIDOKORO_FAITH_ADJACENCY3'		),
		('TRAIT_CIVILIZATION_IMPROVEMENT_KANMIDOKORO',		'KANMIDOKORO_GOLD_ADJACENCY1'		),
		('TRAIT_CIVILIZATION_IMPROVEMENT_KANMIDOKORO',		'KANMIDOKORO_GOLD_ADJACENCY2'		),
		('TRAIT_CIVILIZATION_IMPROVEMENT_KANMIDOKORO',		'KANMIDOKORO_GOLD_ADJACENCY3'		);

--------------------------------------------------------------
INSERT INTO DistrictReplaces (CivUniqueDistrictType, ReplacesDistrictType)
VALUES ('DISTRICT_ONSEN_TOWN', 'DISTRICT_AQUEDUCT');

INSERT INTO Districts(
	DistrictType,
	Name,
	Description,
	PrereqTech,
	PlunderType,
	PlunderAmount,
	AdvisorType,
	Aqueduct,
	RequiresPlacement,
	RequiresPopulation,
	NoAdjacentCity,
	InternalOnly,
	Cost,
	CostProgressionModel,
	CostProgressionParam1,
	MilitaryDomain,
	ZOC,
	CaptureRemovesBuildings,
	CaptureRemovesCityDefenses,
	TraitType
) SELECT
	'DISTRICT_ONSEN_TOWN',
	'LOC_DISTRICT_ONSEN_TOWN_NAME',
	'LOC_DISTRICT_ONSEN_TOWN_DESCRIPTION',
	PrereqTech, PlunderType, PlunderAmount, AdvisorType,
	1, 1, 0, 0, 0, 18,
	CostProgressionModel, CostProgressionParam1, MilitaryDomain,
	0, 0, 0,
	'TRAIT_CIVILIZATION_DISTRICT_ONSEN_TOWN'
FROM Districts
WHERE DistrictType = 'DISTRICT_AQUEDUCT';

INSERT INTO ExcludedAdjacencies (TraitType, YieldChangeId)
VALUES	('TRAIT_CIVILIZATION_SENREN_BANKA', 'Forest_Faith');

INSERT INTO DistrictModifiers (DistrictType, ModifierId)
VALUES	('DISTRICT_ONSEN_TOWN',	'ONSEN_TOWN_ADD_AMENITIES'	),
		('DISTRICT_ONSEN_TOWN',	'ONSEN_TOWN_ADD_TOURISM'	);

--------------------------------------------------------------
INSERT INTO Improvements(
	ImprovementType,
	Name,
	Description,
	Icon,
	PlunderType,
	PlunderAmount,
	Buildable,
	OnePerCity,
	Appeal,
	PrereqCivic,
	TraitType
) VALUES (
	'IMPROVEMENT_KANMIDOKORO',
	'LOC_IMPROVEMENT_KANMIDOKORO_NAME',
	'LOC_IMPROVEMENT_KANMIDOKORO_DESCRIPTION',
	'ICON_IMPROVEMENT_KANMIDOKORO',
	'PLUNDER_GOLD',
	50, 1, 1, 1,
	'CIVIC_GAMES_RECREATION',
	'TRAIT_CIVILIZATION_IMPROVEMENT_KANMIDOKORO'
);

INSERT INTO Improvement_ValidTerrains (ImprovementType, TerrainType)
VALUES	('IMPROVEMENT_KANMIDOKORO', 'TERRAIN_DESERT'		),
		('IMPROVEMENT_KANMIDOKORO', 'TERRAIN_TUNDRA'		),
		('IMPROVEMENT_KANMIDOKORO', 'TERRAIN_PLAINS'		),
		('IMPROVEMENT_KANMIDOKORO', 'TERRAIN_GRASS'			),
		('IMPROVEMENT_KANMIDOKORO', 'TERRAIN_SNOW'			),
		('IMPROVEMENT_KANMIDOKORO', 'TERRAIN_DESERT_HILLS'	),
		('IMPROVEMENT_KANMIDOKORO', 'TERRAIN_TUNDRA_HILLS'	),
		('IMPROVEMENT_KANMIDOKORO', 'TERRAIN_PLAINS_HILLS'	),
		('IMPROVEMENT_KANMIDOKORO', 'TERRAIN_GRASS_HILLS'	),
		('IMPROVEMENT_KANMIDOKORO', 'TERRAIN_SNOW_HILLS'	);

INSERT INTO Improvement_YieldChanges (ImprovementType, YieldType, YieldChange)
VALUES	('IMPROVEMENT_KANMIDOKORO',	'YIELD_CULTURE',	1),
		('IMPROVEMENT_KANMIDOKORO',	'YIELD_GOLD',		2);

INSERT INTO Improvement_ValidFeatures (ImprovementType, FeatureType)
VALUES ('IMPROVEMENT_KANMIDOKORO', 'FEATURE_FLOODPLAINS');

INSERT INTO Improvement_ValidBuildUnits (ImprovementType, UnitType)
VALUES ('IMPROVEMENT_KANMIDOKORO', 'UNIT_BUILDER');

INSERT INTO Improvement_Tourism (ImprovementType, TourismSource, PrereqTech, ScalingFactor)
VALUES ('IMPROVEMENT_KANMIDOKORO', 'TOURISMSOURCE_CULTURE', 'TECH_FLIGHT', 100);

--------------------------------------------------------------
INSERT INTO Modifiers (ModifierId, ModifierType, SubjectRequirementSetId)
VALUES (
	'TRAIT_SENREN_BANKA_CITY_APPEAL_BONUS',
	'MODIFIER_PLAYER_CITIES_ADJUST_CITY_APPEAL',
	'REQUIREMENTS_CITY_BLE_10_POPULATION'
),(
	'TRAIT_SENREN_BANKA_CITY_AMENITIES_BONUS',
	'MODIFIER_PLAYER_CITIES_ADJUST_POLICY_AMENITY',
	'REQUIREMENTS_CITY_BLE_10_POPULATION'
),(
	'TRAIT_SENREN_BANKA_CITY_CULTURE_BONUS',
	'MODIFIER_PLAYER_CITIES_ADJUST_CITY_YIELD_MODIFIER',
	'REQUIREMENTS_CITY_BLE_10_POPULATION'
),(
	'TRAIT_SENREN_BANKA_CITY_GROWTH_PENALTY',
	'MODIFIER_PLAYER_CITIES_ADJUST_CITY_GROWTH',
	'REQUIREMENTS_CITY_BGE_7_POPULATION'
),(
	'TRAIT_SENREN_BANKA_CAMPUS_MOUNTAIN_ADJACENCY_1',
	'MODIFIER_PLAYER_CITIES_TERRAIN_ADJACENCY',
	'REQUIREMENTS_CITY_BLE_10_POPULATION'
),(
	'TRAIT_SENREN_BANKA_CAMPUS_MOUNTAIN_ADJACENCY_2',
	'MODIFIER_PLAYER_CITIES_TERRAIN_ADJACENCY',
	'REQUIREMENTS_CITY_BLE_10_POPULATION'
),(
	'TRAIT_SENREN_BANKA_CAMPUS_MOUNTAIN_ADJACENCY_3',
	'MODIFIER_PLAYER_CITIES_TERRAIN_ADJACENCY',
	'REQUIREMENTS_CITY_BLE_10_POPULATION'
),(
	'TRAIT_SENREN_BANKA_CAMPUS_MOUNTAIN_ADJACENCY_4',
	'MODIFIER_PLAYER_CITIES_TERRAIN_ADJACENCY',
	'REQUIREMENTS_CITY_BLE_10_POPULATION'
),(
	'TRAIT_SENREN_BANKA_CAMPUS_MOUNTAIN_ADJACENCY_5',
	'MODIFIER_PLAYER_CITIES_TERRAIN_ADJACENCY',
	'REQUIREMENTS_CITY_BLE_10_POPULATION'
),(
	'TRAIT_SENREN_BANKA_HOLYSITE_MOUNTAIN_ADJACENCY_1',
	'MODIFIER_PLAYER_CITIES_TERRAIN_ADJACENCY',
	'REQUIREMENTS_CITY_BLE_10_POPULATION'
),(
	'TRAIT_SENREN_BANKA_HOLYSITE_MOUNTAIN_ADJACENCY_2',
	'MODIFIER_PLAYER_CITIES_TERRAIN_ADJACENCY',
	'REQUIREMENTS_CITY_BLE_10_POPULATION'
),(
	'TRAIT_SENREN_BANKA_HOLYSITE_MOUNTAIN_ADJACENCY_3',
	'MODIFIER_PLAYER_CITIES_TERRAIN_ADJACENCY',
	'REQUIREMENTS_CITY_BLE_10_POPULATION'
),(
	'TRAIT_SENREN_BANKA_HOLYSITE_MOUNTAIN_ADJACENCY_4',
	'MODIFIER_PLAYER_CITIES_TERRAIN_ADJACENCY',
	'REQUIREMENTS_CITY_BLE_10_POPULATION'
),(
	'TRAIT_SENREN_BANKA_HOLYSITE_MOUNTAIN_ADJACENCY_5',
	'MODIFIER_PLAYER_CITIES_TERRAIN_ADJACENCY',
	'REQUIREMENTS_CITY_BLE_10_POPULATION'
),(
	'TRAIT_SENREN_BANKA_THEATER_MOUNTAIN_ADJACENCY_1',
	'MODIFIER_PLAYER_CITIES_TERRAIN_ADJACENCY',
	'REQUIREMENTS_CITY_BLE_10_POPULATION'
),(
	'TRAIT_SENREN_BANKA_THEATER_MOUNTAIN_ADJACENCY_2',
	'MODIFIER_PLAYER_CITIES_TERRAIN_ADJACENCY',
	'REQUIREMENTS_CITY_BLE_10_POPULATION'
),(
	'TRAIT_SENREN_BANKA_THEATER_MOUNTAIN_ADJACENCY_3',
	'MODIFIER_PLAYER_CITIES_TERRAIN_ADJACENCY',
	'REQUIREMENTS_CITY_BLE_10_POPULATION'
),(
	'TRAIT_SENREN_BANKA_THEATER_MOUNTAIN_ADJACENCY_4',
	'MODIFIER_PLAYER_CITIES_TERRAIN_ADJACENCY',
	'REQUIREMENTS_CITY_BLE_10_POPULATION'
),(
	'TRAIT_SENREN_BANKA_THEATER_MOUNTAIN_ADJACENCY_5',
	'MODIFIER_PLAYER_CITIES_TERRAIN_ADJACENCY',
	'REQUIREMENTS_CITY_BLE_10_POPULATION'
),(
	'TRAIT_SENREN_BANKA_CAMPUS_FOREST_ADJACENCY',
	'MODIFIER_PLAYER_CITIES_FEATURE_ADJACENCY',
	'REQUIREMENTS_CITY_BLE_10_POPULATION'
),(
	'TRAIT_SENREN_BANKA_HOLYSITE_FOREST_ADJACENCY',
	'MODIFIER_PLAYER_CITIES_FEATURE_ADJACENCY',
	'REQUIREMENTS_CITY_BLE_10_POPULATION'
),(
	'TRAIT_SENREN_BANKA_THEATER_FOREST_ADJACENCY',
	'MODIFIER_PLAYER_CITIES_FEATURE_ADJACENCY',
	'REQUIREMENTS_CITY_BLE_10_POPULATION'
),(
	'ONSEN_TOWN_ADD_AMENITIES',
	'MODIFIER_MURASAME_CITY_ADJUST_POLICY_AMENITY',
	'DISTRICT_IS_ONSEN_TOWN_ADJACENT_TO_MOUNTAIN'
),(
	'ONSEN_TOWN_ADD_TOURISM',
	'MODIFIER_SINGLE_CITY_ADJUST_TOURISM_LATE_ERAS',
	'DISTRICT_IS_ONSEN_TOWN_ADJACENT_TO_MOUNTAIN'
),(
	'KANMIDOKORO_SCIENCE_ADJACENCY1',
	'MODIFIER_PLAYER_ADJUST_PLOT_YIELD',
	'PLOT_HAS_KANMIDOKORO_SCIENCE1_REQUIREMENTS'
),(
	'KANMIDOKORO_SCIENCE_ADJACENCY2',
	'MODIFIER_PLAYER_ADJUST_PLOT_YIELD',
	'PLOT_HAS_KANMIDOKORO_SCIENCE2_REQUIREMENTS'
),(
	'KANMIDOKORO_SCIENCE_ADJACENCY3',
	'MODIFIER_PLAYER_ADJUST_PLOT_YIELD',
	'PLOT_HAS_KANMIDOKORO_SCIENCE3_REQUIREMENTS'
),(
	'KANMIDOKORO_CULTURE_ADJACENCY1',
	'MODIFIER_PLAYER_ADJUST_PLOT_YIELD',
	'PLOT_HAS_KANMIDOKORO_CULTURE1_REQUIREMENTS'
),(
	'KANMIDOKORO_CULTURE_ADJACENCY2',
	'MODIFIER_PLAYER_ADJUST_PLOT_YIELD',
	'PLOT_HAS_KANMIDOKORO_CULTURE2_REQUIREMENTS'
),(
	'KANMIDOKORO_CULTURE_ADJACENCY3',
	'MODIFIER_PLAYER_ADJUST_PLOT_YIELD',
	'PLOT_HAS_KANMIDOKORO_CULTURE3_REQUIREMENTS'
),(
	'KANMIDOKORO_FAITH_ADJACENCY1',
	'MODIFIER_PLAYER_ADJUST_PLOT_YIELD',
	'PLOT_HAS_KANMIDOKORO_FAITH1_REQUIREMENTS'
),(
	'KANMIDOKORO_FAITH_ADJACENCY2',
	'MODIFIER_PLAYER_ADJUST_PLOT_YIELD',
	'PLOT_HAS_KANMIDOKORO_FAITH2_REQUIREMENTS'
),(
	'KANMIDOKORO_FAITH_ADJACENCY3',
	'MODIFIER_PLAYER_ADJUST_PLOT_YIELD',
	'PLOT_HAS_KANMIDOKORO_FAITH3_REQUIREMENTS'
),(
	'KANMIDOKORO_GOLD_ADJACENCY1',
	'MODIFIER_PLAYER_ADJUST_PLOT_YIELD',
	'PLOT_HAS_KANMIDOKORO_GOLD1_REQUIREMENTS'
),(
	'KANMIDOKORO_GOLD_ADJACENCY2',
	'MODIFIER_PLAYER_ADJUST_PLOT_YIELD',
	'PLOT_HAS_KANMIDOKORO_GOLD2_REQUIREMENTS'
),(
	'KANMIDOKORO_GOLD_ADJACENCY3',
	'MODIFIER_PLAYER_ADJUST_PLOT_YIELD',
	'PLOT_HAS_KANMIDOKORO_GOLD3_REQUIREMENTS'
);

INSERT INTO DynamicModifiers (ModifierType, CollectionType, EffectType)
VALUES	('MODIFIER_MURASAME_CITY_ADJUST_POLICY_AMENITY', 'COLLECTION_OWNER', 'EFFECT_ADJUST_POLICY_AMENITY');

INSERT INTO ModifierArguments (ModifierId, Name, Value)
VALUES	('TRAIT_SENREN_BANKA_CITY_APPEAL_BONUS',				'Amount',			1										),
		('TRAIT_SENREN_BANKA_CITY_AMENITIES_BONUS',				'Amount',			1										),
		('TRAIT_SENREN_BANKA_CITY_CULTURE_BONUS',				'YieldType',		'YIELD_CULTURE'							),
		('TRAIT_SENREN_BANKA_CITY_CULTURE_BONUS',				'Amount',			5										),
		('TRAIT_SENREN_BANKA_CITY_GROWTH_PENALTY',				'Amount',			-70										),
		('TRAIT_SENREN_BANKA_CAMPUS_MOUNTAIN_ADJACENCY_1',		'DistrictType',		'DISTRICT_CAMPUS'						),
		('TRAIT_SENREN_BANKA_CAMPUS_MOUNTAIN_ADJACENCY_1',		'TerrainType',		'TERRAIN_GRASS_MOUNTAIN'				),
		('TRAIT_SENREN_BANKA_CAMPUS_MOUNTAIN_ADJACENCY_1',		'YieldType',		'YIELD_SCIENCE'							),
		('TRAIT_SENREN_BANKA_CAMPUS_MOUNTAIN_ADJACENCY_1',		'Amount',			1										),
		('TRAIT_SENREN_BANKA_CAMPUS_MOUNTAIN_ADJACENCY_1',		'TilesRequired',	2										),
		('TRAIT_SENREN_BANKA_CAMPUS_MOUNTAIN_ADJACENCY_1',		'Description',		'LOC_SRBK_DISTRICT_MOUNTAINS_SCIENCE1'	),
		('TRAIT_SENREN_BANKA_CAMPUS_MOUNTAIN_ADJACENCY_2',		'DistrictType',		'DISTRICT_CAMPUS'						),
		('TRAIT_SENREN_BANKA_CAMPUS_MOUNTAIN_ADJACENCY_2',		'TerrainType',		'TERRAIN_PLAINS_MOUNTAIN'				),
		('TRAIT_SENREN_BANKA_CAMPUS_MOUNTAIN_ADJACENCY_2',		'YieldType',		'YIELD_SCIENCE'							),
		('TRAIT_SENREN_BANKA_CAMPUS_MOUNTAIN_ADJACENCY_2',		'Amount',			1										),
		('TRAIT_SENREN_BANKA_CAMPUS_MOUNTAIN_ADJACENCY_2',		'TilesRequired',	2										),
		('TRAIT_SENREN_BANKA_CAMPUS_MOUNTAIN_ADJACENCY_2',		'Description',		'LOC_SRBK_DISTRICT_MOUNTAINS_SCIENCE2'	),
		('TRAIT_SENREN_BANKA_CAMPUS_MOUNTAIN_ADJACENCY_3',		'DistrictType',		'DISTRICT_CAMPUS'						),
		('TRAIT_SENREN_BANKA_CAMPUS_MOUNTAIN_ADJACENCY_3',		'TerrainType',		'TERRAIN_DESERT_MOUNTAIN'				),
		('TRAIT_SENREN_BANKA_CAMPUS_MOUNTAIN_ADJACENCY_3',		'YieldType',		'YIELD_SCIENCE'							),
		('TRAIT_SENREN_BANKA_CAMPUS_MOUNTAIN_ADJACENCY_3',		'Amount',			1										),
		('TRAIT_SENREN_BANKA_CAMPUS_MOUNTAIN_ADJACENCY_3',		'TilesRequired',	2										),
		('TRAIT_SENREN_BANKA_CAMPUS_MOUNTAIN_ADJACENCY_3',		'Description',		'LOC_SRBK_DISTRICT_MOUNTAINS_SCIENCE3'	),
		('TRAIT_SENREN_BANKA_CAMPUS_MOUNTAIN_ADJACENCY_4',		'DistrictType',		'DISTRICT_CAMPUS'						),
		('TRAIT_SENREN_BANKA_CAMPUS_MOUNTAIN_ADJACENCY_4',		'TerrainType',		'TERRAIN_TUNDRA_MOUNTAIN'				),
		('TRAIT_SENREN_BANKA_CAMPUS_MOUNTAIN_ADJACENCY_4',		'YieldType',		'YIELD_SCIENCE'							),
		('TRAIT_SENREN_BANKA_CAMPUS_MOUNTAIN_ADJACENCY_4',		'Amount',			1										),
		('TRAIT_SENREN_BANKA_CAMPUS_MOUNTAIN_ADJACENCY_4',		'TilesRequired',	2										),
		('TRAIT_SENREN_BANKA_CAMPUS_MOUNTAIN_ADJACENCY_4',		'Description',		'LOC_SRBK_DISTRICT_MOUNTAINS_SCIENCE4'	),
		('TRAIT_SENREN_BANKA_CAMPUS_MOUNTAIN_ADJACENCY_5',		'DistrictType',		'DISTRICT_CAMPUS'						),
		('TRAIT_SENREN_BANKA_CAMPUS_MOUNTAIN_ADJACENCY_5',		'TerrainType',		'TERRAIN_SNOW_MOUNTAIN'					),
		('TRAIT_SENREN_BANKA_CAMPUS_MOUNTAIN_ADJACENCY_5',		'YieldType',		'YIELD_SCIENCE'							),
		('TRAIT_SENREN_BANKA_CAMPUS_MOUNTAIN_ADJACENCY_5',		'Amount',			1										),
		('TRAIT_SENREN_BANKA_CAMPUS_MOUNTAIN_ADJACENCY_5',		'TilesRequired',	2										),
		('TRAIT_SENREN_BANKA_CAMPUS_MOUNTAIN_ADJACENCY_5',		'Description',		'LOC_SRBK_DISTRICT_MOUNTAINS_SCIENCE5'	),
		('TRAIT_SENREN_BANKA_HOLYSITE_MOUNTAIN_ADJACENCY_1',	'DistrictType',		'DISTRICT_HOLY_SITE'					),
		('TRAIT_SENREN_BANKA_HOLYSITE_MOUNTAIN_ADJACENCY_1',	'TerrainType',		'TERRAIN_GRASS_MOUNTAIN'				),
		('TRAIT_SENREN_BANKA_HOLYSITE_MOUNTAIN_ADJACENCY_1',	'YieldType',		'YIELD_FAITH'							),
		('TRAIT_SENREN_BANKA_HOLYSITE_MOUNTAIN_ADJACENCY_1',	'Amount',			1										),
		('TRAIT_SENREN_BANKA_HOLYSITE_MOUNTAIN_ADJACENCY_1',	'TilesRequired',	2										),
		('TRAIT_SENREN_BANKA_HOLYSITE_MOUNTAIN_ADJACENCY_1',	'Description',		'LOC_SRBK_DISTRICT_MOUNTAINS_FAITH1'	),
		('TRAIT_SENREN_BANKA_HOLYSITE_MOUNTAIN_ADJACENCY_2',	'DistrictType',		'DISTRICT_HOLY_SITE'					),
		('TRAIT_SENREN_BANKA_HOLYSITE_MOUNTAIN_ADJACENCY_2',	'TerrainType',		'TERRAIN_PLAINS_MOUNTAIN'				),
		('TRAIT_SENREN_BANKA_HOLYSITE_MOUNTAIN_ADJACENCY_2',	'YieldType',		'YIELD_FAITH'							),
		('TRAIT_SENREN_BANKA_HOLYSITE_MOUNTAIN_ADJACENCY_2',	'Amount',			1										),
		('TRAIT_SENREN_BANKA_HOLYSITE_MOUNTAIN_ADJACENCY_2',	'TilesRequired',	2										),
		('TRAIT_SENREN_BANKA_HOLYSITE_MOUNTAIN_ADJACENCY_2',	'Description',		'LOC_SRBK_DISTRICT_MOUNTAINS_FAITH2'	),
		('TRAIT_SENREN_BANKA_HOLYSITE_MOUNTAIN_ADJACENCY_3',	'DistrictType',		'DISTRICT_HOLY_SITE'					),
		('TRAIT_SENREN_BANKA_HOLYSITE_MOUNTAIN_ADJACENCY_3',	'TerrainType',		'TERRAIN_DESERT_MOUNTAIN'				),
		('TRAIT_SENREN_BANKA_HOLYSITE_MOUNTAIN_ADJACENCY_3',	'YieldType',		'YIELD_FAITH'							),
		('TRAIT_SENREN_BANKA_HOLYSITE_MOUNTAIN_ADJACENCY_3',	'Amount',			1										),
		('TRAIT_SENREN_BANKA_HOLYSITE_MOUNTAIN_ADJACENCY_3',	'TilesRequired',	2										),
		('TRAIT_SENREN_BANKA_HOLYSITE_MOUNTAIN_ADJACENCY_3',	'Description',		'LOC_SRBK_DISTRICT_MOUNTAINS_FAITH3'	),
		('TRAIT_SENREN_BANKA_HOLYSITE_MOUNTAIN_ADJACENCY_4',	'DistrictType',		'DISTRICT_HOLY_SITE'					),
		('TRAIT_SENREN_BANKA_HOLYSITE_MOUNTAIN_ADJACENCY_4',	'TerrainType',		'TERRAIN_TUNDRA_MOUNTAIN'				),
		('TRAIT_SENREN_BANKA_HOLYSITE_MOUNTAIN_ADJACENCY_4',	'YieldType',		'YIELD_FAITH'							),
		('TRAIT_SENREN_BANKA_HOLYSITE_MOUNTAIN_ADJACENCY_4',	'Amount',			1										),
		('TRAIT_SENREN_BANKA_HOLYSITE_MOUNTAIN_ADJACENCY_4',	'TilesRequired',	2										),
		('TRAIT_SENREN_BANKA_HOLYSITE_MOUNTAIN_ADJACENCY_4',	'Description',		'LOC_SRBK_DISTRICT_MOUNTAINS_FAITH4'	),
		('TRAIT_SENREN_BANKA_HOLYSITE_MOUNTAIN_ADJACENCY_5',	'DistrictType',		'DISTRICT_HOLY_SITE'					),
		('TRAIT_SENREN_BANKA_HOLYSITE_MOUNTAIN_ADJACENCY_5',	'TerrainType',		'TERRAIN_SNOW_MOUNTAIN'					),
		('TRAIT_SENREN_BANKA_HOLYSITE_MOUNTAIN_ADJACENCY_5',	'YieldType',		'YIELD_FAITH'							),
		('TRAIT_SENREN_BANKA_HOLYSITE_MOUNTAIN_ADJACENCY_5',	'Amount',			1										),
		('TRAIT_SENREN_BANKA_HOLYSITE_MOUNTAIN_ADJACENCY_5',	'TilesRequired',	2										),
		('TRAIT_SENREN_BANKA_HOLYSITE_MOUNTAIN_ADJACENCY_5',	'Description',		'LOC_SRBK_DISTRICT_MOUNTAINS_FAITH5'	),
		('TRAIT_SENREN_BANKA_THEATER_MOUNTAIN_ADJACENCY_1',		'DistrictType',		'DISTRICT_THEATER'						),
		('TRAIT_SENREN_BANKA_THEATER_MOUNTAIN_ADJACENCY_1',		'TerrainType',		'TERRAIN_GRASS_MOUNTAIN'				),
		('TRAIT_SENREN_BANKA_THEATER_MOUNTAIN_ADJACENCY_1',		'YieldType',		'YIELD_CULTURE'							),
		('TRAIT_SENREN_BANKA_THEATER_MOUNTAIN_ADJACENCY_1',		'Amount',			1										),
		('TRAIT_SENREN_BANKA_THEATER_MOUNTAIN_ADJACENCY_1',		'TilesRequired',	2										),
		('TRAIT_SENREN_BANKA_THEATER_MOUNTAIN_ADJACENCY_1',		'Description',		'LOC_SRBK_DISTRICT_MOUNTAINS_CULTURE1'	),
		('TRAIT_SENREN_BANKA_THEATER_MOUNTAIN_ADJACENCY_2',		'DistrictType',		'DISTRICT_THEATER'						),
		('TRAIT_SENREN_BANKA_THEATER_MOUNTAIN_ADJACENCY_2',		'TerrainType',		'TERRAIN_PLAINS_MOUNTAIN'				),
		('TRAIT_SENREN_BANKA_THEATER_MOUNTAIN_ADJACENCY_2',		'YieldType',		'YIELD_CULTURE'							),
		('TRAIT_SENREN_BANKA_THEATER_MOUNTAIN_ADJACENCY_2',		'Amount',			1										),
		('TRAIT_SENREN_BANKA_THEATER_MOUNTAIN_ADJACENCY_2',		'TilesRequired',	2										),
		('TRAIT_SENREN_BANKA_THEATER_MOUNTAIN_ADJACENCY_2',		'Description',		'LOC_SRBK_DISTRICT_MOUNTAINS_CULTURE2'	),
		('TRAIT_SENREN_BANKA_THEATER_MOUNTAIN_ADJACENCY_3',		'DistrictType',		'DISTRICT_THEATER'						),
		('TRAIT_SENREN_BANKA_THEATER_MOUNTAIN_ADJACENCY_3',		'TerrainType',		'TERRAIN_DESERT_MOUNTAIN'				),
		('TRAIT_SENREN_BANKA_THEATER_MOUNTAIN_ADJACENCY_3',		'YieldType',		'YIELD_CULTURE'							),
		('TRAIT_SENREN_BANKA_THEATER_MOUNTAIN_ADJACENCY_3',		'Amount',			1										),
		('TRAIT_SENREN_BANKA_THEATER_MOUNTAIN_ADJACENCY_3',		'TilesRequired',	2										),
		('TRAIT_SENREN_BANKA_THEATER_MOUNTAIN_ADJACENCY_3',		'Description',		'LOC_SRBK_DISTRICT_MOUNTAINS_CULTURE3'	),
		('TRAIT_SENREN_BANKA_THEATER_MOUNTAIN_ADJACENCY_4',		'DistrictType',		'DISTRICT_THEATER'						),
		('TRAIT_SENREN_BANKA_THEATER_MOUNTAIN_ADJACENCY_4',		'TerrainType',		'TERRAIN_TUNDRA_MOUNTAIN'				),
		('TRAIT_SENREN_BANKA_THEATER_MOUNTAIN_ADJACENCY_4',		'YieldType',		'YIELD_CULTURE'							),
		('TRAIT_SENREN_BANKA_THEATER_MOUNTAIN_ADJACENCY_4',		'Amount',			1										),
		('TRAIT_SENREN_BANKA_THEATER_MOUNTAIN_ADJACENCY_4',		'TilesRequired',	2										),
		('TRAIT_SENREN_BANKA_THEATER_MOUNTAIN_ADJACENCY_4',		'Description',		'LOC_SRBK_DISTRICT_MOUNTAINS_CULTURE4'	),
		('TRAIT_SENREN_BANKA_THEATER_MOUNTAIN_ADJACENCY_5',		'DistrictType',		'DISTRICT_THEATER'						),
		('TRAIT_SENREN_BANKA_THEATER_MOUNTAIN_ADJACENCY_5',		'TerrainType',		'TERRAIN_SNOW_MOUNTAIN'					),
		('TRAIT_SENREN_BANKA_THEATER_MOUNTAIN_ADJACENCY_5',		'YieldType',		'YIELD_CULTURE'							),
		('TRAIT_SENREN_BANKA_THEATER_MOUNTAIN_ADJACENCY_5',		'Amount',			1										),
		('TRAIT_SENREN_BANKA_THEATER_MOUNTAIN_ADJACENCY_5',		'TilesRequired',	2										),
		('TRAIT_SENREN_BANKA_THEATER_MOUNTAIN_ADJACENCY_5',		'Description',		'LOC_SRBK_DISTRICT_MOUNTAINS_CULTURE5'	),
		('TRAIT_SENREN_BANKA_CAMPUS_FOREST_ADJACENCY',			'DistrictType',		'DISTRICT_CAMPUS'						),
		('TRAIT_SENREN_BANKA_CAMPUS_FOREST_ADJACENCY',			'FeatureType',		'FEATURE_FOREST'						),
		('TRAIT_SENREN_BANKA_CAMPUS_FOREST_ADJACENCY',			'YieldType',		'YIELD_SCIENCE'							),
		('TRAIT_SENREN_BANKA_CAMPUS_FOREST_ADJACENCY',			'Amount',			1										),
		('TRAIT_SENREN_BANKA_CAMPUS_FOREST_ADJACENCY',			'TilesRequired',	2										),
		('TRAIT_SENREN_BANKA_CAMPUS_FOREST_ADJACENCY',			'Description',		'LOC_SRBK_DISTRICT_FOREST_SCIENCE'		),
		('TRAIT_SENREN_BANKA_HOLYSITE_FOREST_ADJACENCY',		'DistrictType',		'DISTRICT_HOLY_SITE'					),
		('TRAIT_SENREN_BANKA_HOLYSITE_FOREST_ADJACENCY',		'FeatureType',		'FEATURE_FOREST'						),
		('TRAIT_SENREN_BANKA_HOLYSITE_FOREST_ADJACENCY',		'YieldType',		'YIELD_FAITH'							),
		('TRAIT_SENREN_BANKA_HOLYSITE_FOREST_ADJACENCY',		'Amount',			1										),
		('TRAIT_SENREN_BANKA_HOLYSITE_FOREST_ADJACENCY',		'TilesRequired',	1										),
		('TRAIT_SENREN_BANKA_HOLYSITE_FOREST_ADJACENCY',		'Description',		'LOC_SRBK_DISTRICT_FOREST_FAITH'		),
		('TRAIT_SENREN_BANKA_THEATER_FOREST_ADJACENCY',			'DistrictType',		'DISTRICT_THEATER'						),
		('TRAIT_SENREN_BANKA_THEATER_FOREST_ADJACENCY',			'FeatureType',		'FEATURE_FOREST'						),
		('TRAIT_SENREN_BANKA_THEATER_FOREST_ADJACENCY',			'YieldType',		'YIELD_CULTURE'							),
		('TRAIT_SENREN_BANKA_THEATER_FOREST_ADJACENCY',			'Amount',			1										),
		('TRAIT_SENREN_BANKA_THEATER_FOREST_ADJACENCY',			'TilesRequired',	2										),
		('TRAIT_SENREN_BANKA_THEATER_FOREST_ADJACENCY',			'Description',		'LOC_SRBK_DISTRICT_FOREST_CULTURE'		),
		('ONSEN_TOWN_ADD_AMENITIES',							'Amount',			1										),
		('ONSEN_TOWN_ADD_TOURISM',								'Modifier',			33										),
		('ONSEN_TOWN_ADD_TOURISM',								'MinimumEra',		'ERA_CLASSICAL'							),
		('KANMIDOKORO_SCIENCE_ADJACENCY1',						'YieldType',		'YIELD_SCIENCE'							),
		('KANMIDOKORO_SCIENCE_ADJACENCY1',						'Amount',			1										),
		('KANMIDOKORO_SCIENCE_ADJACENCY2',						'YieldType',		'YIELD_SCIENCE'							),
		('KANMIDOKORO_SCIENCE_ADJACENCY2',						'Amount',			1										),
		('KANMIDOKORO_SCIENCE_ADJACENCY3',						'YieldType',		'YIELD_SCIENCE'							),
		('KANMIDOKORO_SCIENCE_ADJACENCY3',						'Amount',			1										),
		('KANMIDOKORO_CULTURE_ADJACENCY1',						'YieldType',		'YIELD_CULTURE'							),
		('KANMIDOKORO_CULTURE_ADJACENCY1',						'Amount',			1										),
		('KANMIDOKORO_CULTURE_ADJACENCY2',						'YieldType',		'YIELD_CULTURE'							),
		('KANMIDOKORO_CULTURE_ADJACENCY2',						'Amount',			1										),
		('KANMIDOKORO_CULTURE_ADJACENCY3',						'YieldType',		'YIELD_CULTURE'							),
		('KANMIDOKORO_CULTURE_ADJACENCY3',						'Amount',			1										),
		('KANMIDOKORO_FAITH_ADJACENCY1',						'YieldType',		'YIELD_FAITH'							),
		('KANMIDOKORO_FAITH_ADJACENCY1',						'Amount',			1										),
		('KANMIDOKORO_FAITH_ADJACENCY2',						'YieldType',		'YIELD_FAITH'							),
		('KANMIDOKORO_FAITH_ADJACENCY2',						'Amount',			1										),
		('KANMIDOKORO_FAITH_ADJACENCY3',						'YieldType',		'YIELD_FAITH'							),
		('KANMIDOKORO_FAITH_ADJACENCY3',						'Amount',			1										),
		('KANMIDOKORO_GOLD_ADJACENCY1',							'YieldType',		'YIELD_GOLD'							),
		('KANMIDOKORO_GOLD_ADJACENCY1',							'Amount',			1										),
		('KANMIDOKORO_GOLD_ADJACENCY2',							'YieldType',		'YIELD_GOLD'							),
		('KANMIDOKORO_GOLD_ADJACENCY2',							'Amount',			1										),
		('KANMIDOKORO_GOLD_ADJACENCY3',							'YieldType',		'YIELD_GOLD'							),
		('KANMIDOKORO_GOLD_ADJACENCY3',							'Amount',			1										);

INSERT INTO RequirementSets (RequirementSetId, RequirementSetType)
VALUES	('REQUIREMENTS_CITY_BLE_10_POPULATION',			'REQUIREMENTSET_TEST_ALL'),
		('REQUIREMENTS_CITY_BGE_7_POPULATION',			'REQUIREMENTSET_TEST_ALL'),
		('DISTRICT_IS_ONSEN_TOWN_ADJACENT_TO_MOUNTAIN',	'REQUIREMENTSET_TEST_ALL'),
		('PLOT_HAS_KANMIDOKORO_SCIENCE1_REQUIREMENTS',	'REQUIREMENTSET_TEST_ALL'),
		('PLOT_HAS_KANMIDOKORO_SCIENCE2_REQUIREMENTS',	'REQUIREMENTSET_TEST_ALL'),
		('PLOT_HAS_KANMIDOKORO_SCIENCE3_REQUIREMENTS',	'REQUIREMENTSET_TEST_ALL'),
		('PLOT_HAS_KANMIDOKORO_CULTURE1_REQUIREMENTS',	'REQUIREMENTSET_TEST_ALL'),
		('PLOT_HAS_KANMIDOKORO_CULTURE2_REQUIREMENTS',	'REQUIREMENTSET_TEST_ALL'),
		('PLOT_HAS_KANMIDOKORO_CULTURE3_REQUIREMENTS',	'REQUIREMENTSET_TEST_ALL'),
		('PLOT_HAS_KANMIDOKORO_FAITH1_REQUIREMENTS',	'REQUIREMENTSET_TEST_ALL'),
		('PLOT_HAS_KANMIDOKORO_FAITH2_REQUIREMENTS',	'REQUIREMENTSET_TEST_ALL'),
		('PLOT_HAS_KANMIDOKORO_FAITH3_REQUIREMENTS',	'REQUIREMENTSET_TEST_ALL'),
		('PLOT_HAS_KANMIDOKORO_GOLD1_REQUIREMENTS',		'REQUIREMENTSET_TEST_ALL'),
		('PLOT_HAS_KANMIDOKORO_GOLD2_REQUIREMENTS',		'REQUIREMENTSET_TEST_ALL'),
		('PLOT_HAS_KANMIDOKORO_GOLD3_REQUIREMENTS',		'REQUIREMENTSET_TEST_ALL'),
		('PLOT_IS_ADJACENT_TO_THEATER_TIER2_BUILDING',	'REQUIREMENTSET_TEST_ANY'),
		('PLOT_IS_ADJACENT_TO_HOLYSITE_TIER3_BUILDING',	'REQUIREMENTSET_TEST_ANY');

INSERT INTO RequirementSetRequirements (RequirementSetId, RequirementId)
VALUES	('REQUIREMENTS_CITY_BLE_10_POPULATION',			'REQUIRES_CITY_BLE_10_POPULATION'			),
		('REQUIREMENTS_CITY_BGE_7_POPULATION',			'REQUIRES_CITY_BGE_7_POPULATION'			),
		('DISTRICT_IS_ONSEN_TOWN_ADJACENT_TO_MOUNTAIN',	'REQUIRES_DISTRICT_IS_ONSEN_TOWN'			),
		('DISTRICT_IS_ONSEN_TOWN_ADJACENT_TO_MOUNTAIN',	'REQUIRES_PLOT_ADJACENT_TO_MOUNTAIN'		),
		('PLOT_HAS_KANMIDOKORO_SCIENCE1_REQUIREMENTS',	'REQUIRES_PLOT_HAS_KANMIDOKORO'				),
		('PLOT_HAS_KANMIDOKORO_SCIENCE1_REQUIREMENTS',	'REQUIRES_PLOT_ADJACENT_SCIENCE_BUILDING1'	),
		('PLOT_HAS_KANMIDOKORO_SCIENCE2_REQUIREMENTS',	'REQUIRES_PLOT_HAS_KANMIDOKORO'				),
		('PLOT_HAS_KANMIDOKORO_SCIENCE2_REQUIREMENTS',	'REQUIRES_PLOT_ADJACENT_SCIENCE_BUILDING2'	),
		('PLOT_HAS_KANMIDOKORO_SCIENCE3_REQUIREMENTS',	'REQUIRES_PLOT_HAS_KANMIDOKORO'				),
		('PLOT_HAS_KANMIDOKORO_SCIENCE3_REQUIREMENTS',	'REQUIRES_PLOT_ADJACENT_SCIENCE_BUILDING3'	),
		('PLOT_HAS_KANMIDOKORO_CULTURE1_REQUIREMENTS',	'REQUIRES_PLOT_HAS_KANMIDOKORO'				),
		('PLOT_HAS_KANMIDOKORO_CULTURE1_REQUIREMENTS',	'REQUIRES_PLOT_ADJACENT_CULTURE_BUILDING1'	),
		('PLOT_HAS_KANMIDOKORO_CULTURE2_REQUIREMENTS',	'REQUIRES_PLOT_HAS_KANMIDOKORO'				),
		('PLOT_HAS_KANMIDOKORO_CULTURE2_REQUIREMENTS',	'REQUIRES_PLOT_ADJACENT_CULTURE_BUILDING2'	),
		('PLOT_HAS_KANMIDOKORO_CULTURE3_REQUIREMENTS',	'REQUIRES_PLOT_HAS_KANMIDOKORO'				),
		('PLOT_HAS_KANMIDOKORO_CULTURE3_REQUIREMENTS',	'REQUIRES_PLOT_ADJACENT_CULTURE_BUILDING3'	),
		('PLOT_HAS_KANMIDOKORO_FAITH1_REQUIREMENTS',	'REQUIRES_PLOT_HAS_KANMIDOKORO'				),
		('PLOT_HAS_KANMIDOKORO_FAITH1_REQUIREMENTS',	'REQUIRES_PLOT_ADJACENT_FAITH_BUILDING1'	),
		('PLOT_HAS_KANMIDOKORO_FAITH2_REQUIREMENTS',	'REQUIRES_PLOT_HAS_KANMIDOKORO'				),
		('PLOT_HAS_KANMIDOKORO_FAITH2_REQUIREMENTS',	'REQUIRES_PLOT_ADJACENT_FAITH_BUILDING2'	),
		('PLOT_HAS_KANMIDOKORO_FAITH3_REQUIREMENTS',	'REQUIRES_PLOT_HAS_KANMIDOKORO'				),
		('PLOT_HAS_KANMIDOKORO_FAITH3_REQUIREMENTS',	'REQUIRES_PLOT_ADJACENT_FAITH_BUILDING3'	),
		('PLOT_HAS_KANMIDOKORO_GOLD1_REQUIREMENTS',		'REQUIRES_PLOT_HAS_KANMIDOKORO'				),
		('PLOT_HAS_KANMIDOKORO_GOLD1_REQUIREMENTS',		'REQUIRES_PLOT_ADJACENT_GOLD_BUILDING1'		),
		('PLOT_HAS_KANMIDOKORO_GOLD2_REQUIREMENTS',		'REQUIRES_PLOT_HAS_KANMIDOKORO'				),
		('PLOT_HAS_KANMIDOKORO_GOLD2_REQUIREMENTS',		'REQUIRES_PLOT_ADJACENT_GOLD_BUILDING2'		),
		('PLOT_HAS_KANMIDOKORO_GOLD3_REQUIREMENTS',		'REQUIRES_PLOT_HAS_KANMIDOKORO'				),
		('PLOT_HAS_KANMIDOKORO_GOLD3_REQUIREMENTS',		'REQUIRES_PLOT_ADJACENT_GOLD_BUILDING3'		),
		('PLOT_IS_ADJACENT_TO_THEATER_TIER2_BUILDING',	'REQUIRES_PLOT_ADJACENT_CULTURE_BUILDING2_1'),
		('PLOT_IS_ADJACENT_TO_THEATER_TIER2_BUILDING',	'REQUIRES_PLOT_ADJACENT_CULTURE_BUILDING2_2'),
		('PLOT_IS_ADJACENT_TO_HOLYSITE_TIER3_BUILDING',	'REQUIRES_PLOT_ADJACENT_FAITH_BUILDING3_1'	),
		('PLOT_IS_ADJACENT_TO_HOLYSITE_TIER3_BUILDING',	'REQUIRES_PLOT_ADJACENT_FAITH_BUILDING3_2'	),
		('PLOT_IS_ADJACENT_TO_HOLYSITE_TIER3_BUILDING',	'REQUIRES_PLOT_ADJACENT_FAITH_BUILDING3_3'	),
		('PLOT_IS_ADJACENT_TO_HOLYSITE_TIER3_BUILDING',	'REQUIRES_PLOT_ADJACENT_FAITH_BUILDING3_4'	),
		('PLOT_IS_ADJACENT_TO_HOLYSITE_TIER3_BUILDING',	'REQUIRES_PLOT_ADJACENT_FAITH_BUILDING3_5'	),
		('PLOT_IS_ADJACENT_TO_HOLYSITE_TIER3_BUILDING',	'REQUIRES_PLOT_ADJACENT_FAITH_BUILDING3_6'	),
		('PLOT_IS_ADJACENT_TO_HOLYSITE_TIER3_BUILDING',	'REQUIRES_PLOT_ADJACENT_FAITH_BUILDING3_7'	),
		('PLOT_IS_ADJACENT_TO_HOLYSITE_TIER3_BUILDING',	'REQUIRES_PLOT_ADJACENT_FAITH_BUILDING3_8'	),
		('PLOT_IS_ADJACENT_TO_HOLYSITE_TIER3_BUILDING',	'REQUIRES_PLOT_ADJACENT_FAITH_BUILDING3_9'	);

INSERT INTO Requirements (RequirementId, RequirementType, Inverse)
VALUES	('REQUIRES_CITY_BLE_10_POPULATION',				'REQUIREMENT_CITY_HAS_X_POPULATION',					1),
		('REQUIRES_CITY_BGE_7_POPULATION',				'REQUIREMENT_CITY_HAS_X_POPULATION',					0),
		('REQUIRES_DISTRICT_IS_ONSEN_TOWN',				'REQUIREMENT_DISTRICT_TYPE_MATCHES',					0),
		('REQUIRES_PLOT_HAS_KANMIDOKORO',				'REQUIREMENT_PLOT_IMPROVEMENT_TYPE_MATCHES',			0),
		('REQUIRES_PLOT_ADJACENT_SCIENCE_BUILDING1',	'REQUIREMENT_PLOT_ADJACENT_BUILDING_TYPE_MATCHES',		0),
		('REQUIRES_PLOT_ADJACENT_SCIENCE_BUILDING2',	'REQUIREMENT_PLOT_ADJACENT_BUILDING_TYPE_MATCHES',		0),
		('REQUIRES_PLOT_ADJACENT_SCIENCE_BUILDING3',	'REQUIREMENT_PLOT_ADJACENT_BUILDING_TYPE_MATCHES',		0),
		('REQUIRES_PLOT_ADJACENT_CULTURE_BUILDING1',	'REQUIREMENT_PLOT_ADJACENT_BUILDING_TYPE_MATCHES',		0),
		('REQUIRES_PLOT_ADJACENT_CULTURE_BUILDING2',	'REQUIREMENT_REQUIREMENTSET_IS_MET',					0),
		('REQUIRES_PLOT_ADJACENT_CULTURE_BUILDING3',	'REQUIREMENT_PLOT_ADJACENT_BUILDING_TYPE_MATCHES',		0),
		('REQUIRES_PLOT_ADJACENT_FAITH_BUILDING1',		'REQUIREMENT_PLOT_ADJACENT_BUILDING_TYPE_MATCHES',		0),
		('REQUIRES_PLOT_ADJACENT_FAITH_BUILDING2',		'REQUIREMENT_PLOT_ADJACENT_BUILDING_TYPE_MATCHES',		0),
		('REQUIRES_PLOT_ADJACENT_FAITH_BUILDING3',		'REQUIREMENT_REQUIREMENTSET_IS_MET',					0),
		('REQUIRES_PLOT_ADJACENT_GOLD_BUILDING1',		'REQUIREMENT_PLOT_ADJACENT_BUILDING_TYPE_MATCHES',		0),
		('REQUIRES_PLOT_ADJACENT_GOLD_BUILDING2',		'REQUIREMENT_PLOT_ADJACENT_BUILDING_TYPE_MATCHES',		0),
		('REQUIRES_PLOT_ADJACENT_GOLD_BUILDING3',		'REQUIREMENT_PLOT_ADJACENT_BUILDING_TYPE_MATCHES',		0),
		('REQUIRES_PLOT_ADJACENT_CULTURE_BUILDING2_1',	'REQUIREMENT_PLOT_ADJACENT_BUILDING_TYPE_MATCHES',		0),
		('REQUIRES_PLOT_ADJACENT_CULTURE_BUILDING2_2',	'REQUIREMENT_PLOT_ADJACENT_BUILDING_TYPE_MATCHES',		0),
		('REQUIRES_PLOT_ADJACENT_FAITH_BUILDING3_1',	'REQUIREMENT_PLOT_ADJACENT_BUILDING_TYPE_MATCHES',		0),
		('REQUIRES_PLOT_ADJACENT_FAITH_BUILDING3_2',	'REQUIREMENT_PLOT_ADJACENT_BUILDING_TYPE_MATCHES',		0),
		('REQUIRES_PLOT_ADJACENT_FAITH_BUILDING3_3',	'REQUIREMENT_PLOT_ADJACENT_BUILDING_TYPE_MATCHES',		0),
		('REQUIRES_PLOT_ADJACENT_FAITH_BUILDING3_4',	'REQUIREMENT_PLOT_ADJACENT_BUILDING_TYPE_MATCHES',		0),
		('REQUIRES_PLOT_ADJACENT_FAITH_BUILDING3_5',	'REQUIREMENT_PLOT_ADJACENT_BUILDING_TYPE_MATCHES',		0),
		('REQUIRES_PLOT_ADJACENT_FAITH_BUILDING3_6',	'REQUIREMENT_PLOT_ADJACENT_BUILDING_TYPE_MATCHES',		0),
		('REQUIRES_PLOT_ADJACENT_FAITH_BUILDING3_7',	'REQUIREMENT_PLOT_ADJACENT_BUILDING_TYPE_MATCHES',		0),
		('REQUIRES_PLOT_ADJACENT_FAITH_BUILDING3_8',	'REQUIREMENT_PLOT_ADJACENT_BUILDING_TYPE_MATCHES',		0),
		('REQUIRES_PLOT_ADJACENT_FAITH_BUILDING3_9',	'REQUIREMENT_PLOT_ADJACENT_BUILDING_TYPE_MATCHES',		0);

INSERT INTO RequirementArguments (RequirementId, Name, Value)
VALUES	('REQUIRES_CITY_BLE_10_POPULATION',				'Amount',			11												),
		('REQUIRES_CITY_BGE_7_POPULATION',				'Amount',			7												),
		('REQUIRES_DISTRICT_IS_ONSEN_TOWN',				'DistrictType',		'DISTRICT_ONSEN_TOWN'							),
		('REQUIRES_PLOT_HAS_KANMIDOKORO',				'ImprovementType',	'IMPROVEMENT_KANMIDOKORO'						),
		('REQUIRES_PLOT_ADJACENT_SCIENCE_BUILDING1',	'BuildingType',		'BUILDING_LIBRARY'								),
		('REQUIRES_PLOT_ADJACENT_SCIENCE_BUILDING2',	'BuildingType',		'BUILDING_UNIVERSITY'							),
		('REQUIRES_PLOT_ADJACENT_SCIENCE_BUILDING3',	'BuildingType',		'BUILDING_RESEARCH_LAB'							),
		('REQUIRES_PLOT_ADJACENT_CULTURE_BUILDING1',	'BuildingType',		'BUILDING_AMPHITHEATER'							),
		('REQUIRES_PLOT_ADJACENT_CULTURE_BUILDING2',	'RequirementSetId',	'PLOT_IS_ADJACENT_TO_THEATER_TIER2_BUILDING'	),
		('REQUIRES_PLOT_ADJACENT_CULTURE_BUILDING3',	'BuildingType',		'BUILDING_BROADCAST_CENTER'						),
		('REQUIRES_PLOT_ADJACENT_FAITH_BUILDING1',		'BuildingType',		'BUILDING_SHRINE'								),
		('REQUIRES_PLOT_ADJACENT_FAITH_BUILDING2',		'BuildingType',		'BUILDING_TEMPLE'								),
		('REQUIRES_PLOT_ADJACENT_FAITH_BUILDING3',		'RequirementSetId',	'PLOT_IS_ADJACENT_TO_HOLYSITE_TIER3_BUILDING'	),
		('REQUIRES_PLOT_ADJACENT_GOLD_BUILDING1',		'BuildingType',		'BUILDING_MARKET'								),
		('REQUIRES_PLOT_ADJACENT_GOLD_BUILDING2',		'BuildingType',		'BUILDING_BANK'									),
		('REQUIRES_PLOT_ADJACENT_GOLD_BUILDING3',		'BuildingType',		'BUILDING_STOCK_EXCHANGE'						),
		('REQUIRES_PLOT_ADJACENT_CULTURE_BUILDING2_1',	'BuildingType',		'BUILDING_MUSEUM_ART'			/* ArtMuseum */	),
		('REQUIRES_PLOT_ADJACENT_CULTURE_BUILDING2_2',	'BuildingType',		'BUILDING_MUSEUM_ARTIFACT'		/* ArcMuseum */	),
		('REQUIRES_PLOT_ADJACENT_FAITH_BUILDING3_1',	'BuildingType',		'BUILDING_CATHEDRAL'			/* Religious */	),
		('REQUIRES_PLOT_ADJACENT_FAITH_BUILDING3_2',	'BuildingType',		'BUILDING_GURDWARA'				/* Religious */	),
		('REQUIRES_PLOT_ADJACENT_FAITH_BUILDING3_3',	'BuildingType',		'BUILDING_MEETING_HOUSE'		/* Religious */	),
		('REQUIRES_PLOT_ADJACENT_FAITH_BUILDING3_4',	'BuildingType',		'BUILDING_MOSQUE'				/* Religious */	),
		('REQUIRES_PLOT_ADJACENT_FAITH_BUILDING3_5',	'BuildingType',		'BUILDING_PAGODA'				/* Religious */	),
		('REQUIRES_PLOT_ADJACENT_FAITH_BUILDING3_6',	'BuildingType',		'BUILDING_SYNAGOGUE'			/* Religious */	),
		('REQUIRES_PLOT_ADJACENT_FAITH_BUILDING3_7',	'BuildingType',		'BUILDING_WAT'					/* Religious */	),
		('REQUIRES_PLOT_ADJACENT_FAITH_BUILDING3_8',	'BuildingType',		'BUILDING_STUPA'				/* Religious */	),
		('REQUIRES_PLOT_ADJACENT_FAITH_BUILDING3_9',	'BuildingType',		'BUILDING_DAR_E_MEHR'			/* Religious */	);

--------------------------------------------------------------
INSERT INTO CityNames (CivilizationType, CityName)
VALUES	('CIVILIZATION_SENREN_BANKA',	'LOC_CITY_NAME_SENREN_BANKA_1'	),
		('CIVILIZATION_SENREN_BANKA',	'LOC_CITY_NAME_SENREN_BANKA_2'	),
		('CIVILIZATION_SENREN_BANKA',	'LOC_CITY_NAME_SENREN_BANKA_3'	),
		('CIVILIZATION_SENREN_BANKA',	'LOC_CITY_NAME_SENREN_BANKA_4'	),
		('CIVILIZATION_SENREN_BANKA',	'LOC_CITY_NAME_SENREN_BANKA_5'	),
		('CIVILIZATION_SENREN_BANKA',	'LOC_CITY_NAME_SENREN_BANKA_6'	),
		('CIVILIZATION_SENREN_BANKA',	'LOC_CITY_NAME_SENREN_BANKA_7'	),
		('CIVILIZATION_SENREN_BANKA',	'LOC_CITY_NAME_SENREN_BANKA_8'	),
		('CIVILIZATION_SENREN_BANKA',	'LOC_CITY_NAME_SENREN_BANKA_9'	),
		('CIVILIZATION_SENREN_BANKA',	'LOC_CITY_NAME_SENREN_BANKA_10'	),
		('CIVILIZATION_SENREN_BANKA',	'LOC_CITY_NAME_SENREN_BANKA_11'	),
		('CIVILIZATION_SENREN_BANKA',	'LOC_CITY_NAME_SENREN_BANKA_12'	),
		('CIVILIZATION_SENREN_BANKA',	'LOC_CITY_NAME_SENREN_BANKA_13'	),
		('CIVILIZATION_SENREN_BANKA',	'LOC_CITY_NAME_SENREN_BANKA_14'	),
		('CIVILIZATION_SENREN_BANKA',	'LOC_CITY_NAME_SENREN_BANKA_15'	),
		('CIVILIZATION_SENREN_BANKA',	'LOC_CITY_NAME_SENREN_BANKA_16'	),
		('CIVILIZATION_SENREN_BANKA',	'LOC_CITY_NAME_SENREN_BANKA_17'	),
		('CIVILIZATION_SENREN_BANKA',	'LOC_CITY_NAME_SENREN_BANKA_18'	),
		('CIVILIZATION_SENREN_BANKA',	'LOC_CITY_NAME_SENREN_BANKA_19'	),
		('CIVILIZATION_SENREN_BANKA',	'LOC_CITY_NAME_SENREN_BANKA_20'	),
		('CIVILIZATION_SENREN_BANKA',	'LOC_CITY_NAME_SENREN_BANKA_21'	),
		('CIVILIZATION_SENREN_BANKA',	'LOC_CITY_NAME_SENREN_BANKA_22'	),
		('CIVILIZATION_SENREN_BANKA',	'LOC_CITY_NAME_SENREN_BANKA_23'	),
		('CIVILIZATION_SENREN_BANKA',	'LOC_CITY_NAME_SENREN_BANKA_24'	),
		('CIVILIZATION_SENREN_BANKA',	'LOC_CITY_NAME_SENREN_BANKA_25'	),
		('CIVILIZATION_SENREN_BANKA',	'LOC_CITY_NAME_SENREN_BANKA_26'	),
		('CIVILIZATION_SENREN_BANKA',	'LOC_CITY_NAME_SENREN_BANKA_27'	),
		('CIVILIZATION_SENREN_BANKA',	'LOC_CITY_NAME_SENREN_BANKA_28'	),
		('CIVILIZATION_SENREN_BANKA',	'LOC_CITY_NAME_SENREN_BANKA_29'	),
		('CIVILIZATION_SENREN_BANKA',	'LOC_CITY_NAME_SENREN_BANKA_30'	);

INSERT INTO CivilizationCitizenNames (CivilizationType, CitizenName, Female)
VALUES	('CIVILIZATION_SENREN_BANKA',	'LOC_CITIZEN_SENREN_BANKA_MALE_1',		0),
		('CIVILIZATION_SENREN_BANKA',	'LOC_CITIZEN_SENREN_BANKA_MALE_2',		0),
		('CIVILIZATION_SENREN_BANKA',	'LOC_CITIZEN_SENREN_BANKA_MALE_3',		0),
		('CIVILIZATION_SENREN_BANKA',	'LOC_CITIZEN_SENREN_BANKA_MALE_4',		0),
		('CIVILIZATION_SENREN_BANKA',	'LOC_CITIZEN_SENREN_BANKA_MALE_5',		0),
		('CIVILIZATION_SENREN_BANKA',	'LOC_CITIZEN_SENREN_BANKA_MALE_6',		0),
		('CIVILIZATION_SENREN_BANKA',	'LOC_CITIZEN_SENREN_BANKA_MALE_7',		0),
		('CIVILIZATION_SENREN_BANKA',	'LOC_CITIZEN_SENREN_BANKA_MALE_8',		0),
		('CIVILIZATION_SENREN_BANKA',	'LOC_CITIZEN_SENREN_BANKA_MALE_9',		0),
		('CIVILIZATION_SENREN_BANKA',	'LOC_CITIZEN_SENREN_BANKA_MALE_10',		0),
		('CIVILIZATION_SENREN_BANKA',	'LOC_CITIZEN_SENREN_BANKA_MALE_11',		0),
		('CIVILIZATION_SENREN_BANKA',	'LOC_CITIZEN_SENREN_BANKA_MALE_12',		0),
		('CIVILIZATION_SENREN_BANKA',	'LOC_CITIZEN_SENREN_BANKA_MALE_13',		0),
		('CIVILIZATION_SENREN_BANKA',	'LOC_CITIZEN_SENREN_BANKA_FEMALE_1',	1),
		('CIVILIZATION_SENREN_BANKA',	'LOC_CITIZEN_SENREN_BANKA_FEMALE_2',	1),
		('CIVILIZATION_SENREN_BANKA',	'LOC_CITIZEN_SENREN_BANKA_FEMALE_3',	1),
		('CIVILIZATION_SENREN_BANKA',	'LOC_CITIZEN_SENREN_BANKA_FEMALE_4',	1),
		('CIVILIZATION_SENREN_BANKA',	'LOC_CITIZEN_SENREN_BANKA_FEMALE_5',	1),
		('CIVILIZATION_SENREN_BANKA',	'LOC_CITIZEN_SENREN_BANKA_FEMALE_6',	1),
		('CIVILIZATION_SENREN_BANKA',	'LOC_CITIZEN_SENREN_BANKA_FEMALE_7',	1),
		('CIVILIZATION_SENREN_BANKA',	'LOC_CITIZEN_SENREN_BANKA_FEMALE_8',	1),
		('CIVILIZATION_SENREN_BANKA',	'LOC_CITIZEN_SENREN_BANKA_FEMALE_9',	1),
		('CIVILIZATION_SENREN_BANKA',	'LOC_CITIZEN_SENREN_BANKA_FEMALE_10',	1),
		('CIVILIZATION_SENREN_BANKA',	'LOC_CITIZEN_SENREN_BANKA_FEMALE_11',	1),
		('CIVILIZATION_SENREN_BANKA',	'LOC_CITIZEN_SENREN_BANKA_FEMALE_12',	1),
		('CIVILIZATION_SENREN_BANKA',	'LOC_CITIZEN_SENREN_BANKA_FEMALE_13',	1),
		('CIVILIZATION_SENREN_BANKA',	'LOC_CITIZEN_SENREN_BANKA_FEMALE_14',	1),
		('CIVILIZATION_SENREN_BANKA',	'LOC_CITIZEN_SENREN_BANKA_FEMALE_15',	1),
		('CIVILIZATION_SENREN_BANKA',	'LOC_CITIZEN_SENREN_BANKA_FEMALE_16',	1),
		('CIVILIZATION_SENREN_BANKA',	'LOC_CITIZEN_SENREN_BANKA_FEMALE_17',	1);

INSERT INTO StartBiasTerrains (CivilizationType, TerrainType, Tier)
VALUES	('CIVILIZATION_SENREN_BANKA',	'TERRAIN_GRASS_MOUNTAIN',	3),
		('CIVILIZATION_SENREN_BANKA',	'TERRAIN_PLAINS_MOUNTAIN',	3),
		('CIVILIZATION_SENREN_BANKA',	'TERRAIN_TUNDRA_MOUNTAIN',	3);

INSERT INTO StartBiasFeatures (CivilizationType, FeatureType, Tier)
VALUES	('CIVILIZATION_SENREN_BANKA',	'FEATURE_FOREST',	3);

INSERT INTO StartBiasResources (CivilizationType, ResourceType, Tier)
VALUES	('CIVILIZATION_SENREN_BANKA',	'RESOURCE_IRON',	5);

INSERT INTO CivilizationInfo (CivilizationType, Header, Caption, SortIndex)
VALUES	('CIVILIZATION_SENREN_BANKA',	'LOC_CIVINFO_LOCATION',		'LOC_CIVINFO_SENREN_BANKA_LOCATION',	10),
		('CIVILIZATION_SENREN_BANKA',	'LOC_CIVINFO_SIZE',			'LOC_CIVINFO_SENREN_BANKA_SIZE',		20),
		('CIVILIZATION_SENREN_BANKA',	'LOC_CIVINFO_POPULATION',	'LOC_CIVINFO_SENREN_BANKA_POPULATION',	30),
		('CIVILIZATION_SENREN_BANKA',	'LOC_CIVINFO_CAPITAL',		'LOC_CIVINFO_SENREN_BANKA_CAPITAL',		40);

INSERT INTO MomentIllustrations (MomentIllustrationType, MomentDataType, GameDataType, Texture)
VALUES	('MOMENT_ILLUSTRATION_UNIQUE_DISTRICT',		'MOMENT_DATA_DISTRICT',		'DISTRICT_ONSEN_TOWN',		'MOMENT_DISTRICT_ONSEN_TOWN'	),
		('MOMENT_ILLUSTRATION_UNIQUE_IMPROVEMENT',	'MOMENT_DATA_IMPROVEMENT',	'IMPROVEMENT_KANMIDOKORO',	'MOMENT_IMPROVEMENT_KANMIDOKORO');